Gene,Xobs
YAL010C,0.035496
YAL011W,0.067546
YAL015C,0.106084
YAL025C,0.363978
YAL030W,0.9914
YAL034C,0.006294
YAL034WA,0.028809
YAL037W,0.033056
YAL038W,60.060767
YAL047C,0.025651
YAL048C,0.010889
YAL064W,0.02189
YAR009C,0.83242
YAR018C,0.110599
YAR028W,0.08615
YAR031W,0.008973
YAR033W,0.076719
YBL003C,3.121582
YBL007C,0.512953
YBL020W,0.141845
YBL022C,0.505228
YBL027W,12.615662
YBL034C,0.082462
YBL050W,0.54891
YBL061C,0.249174
YBL067C,0.032935
YBL072C,45.622709
YBL086C,0.074625
YBL087C,29.620318
YBR004C,0.189593
YBR008C,0.041084
YBR014C,0.705091
YBR017C,0.143798
YBR019C,0.011708
YBR022W,0.16516
YBR028C,0.034041
YBR042C,0.146455
YBR044C,0.026571
YBR070C,0.188807
YBR071W,0.120549
YBR074W,0.017228
YBR078W,2.237113
YBR081C,0.027259
YBR086C,0.888677
YBR088C,1.489403
YBR097W,0.023935
YBR101C,0.665852
YBR109C,2.444932
YBR114W,0.012346
YBR125C,0.171098
YBR129C,0.106868
YBR130C,0.103069
YBR131W,0.025861
YBR140C,0.023866
YBR143C,1.688641
YBR146W,0.263678
YBR148W,0.017324
YBR149W,0.76043
YBR150C,0.006974
YBR154C,1.144752
YBR182C,0.016151
YBR188C,0.146563
YBR198C,0.334408
YBR199W,0.700543
YBR203W,0.016412
YBR208C,0.08128
YBR212W,0.164536
YBR215W,0.046993
YBR233W,0.039641
YBR236C,0.217388
YBR244W,0.502822
YBR256C,0.484388
YBR267W,0.3601
YBR270C,0.013987
YBR272C,0.078071
YBR275C,0.025462
YBR280C,0.05356
YBR296C,0.067259
YCL002C,0.042464
YCL028W,0.614077
YCL055W,0.03949
YCL057W,0.22375
YCL061C,0.015808
YCL069W,0.013604
YCR004C,1.099853
YCR012W,54.492843
YCR014C,0.032189
YCR015C,0.043016
YCR016W,0.241492
YCR023C,0.109116
YCR026C,0.111257
YCR027C,0.024865
YCR035C,0.525439
YCR039C,0.457929
YCR043C,0.149498
YCR044C,0.328579
YCR047C,0.771993
YCR059C,0.310651
YCR060W,0.378536
YCR068W,0.008522
YCR073WA,0.898081
YCR075C,0.094442
YCR076C,0.247911
YCR090C,0.363796
YCR093W,0.032865
YCR105W,0.032008
YDL008W,0.404789
YDL012C,1.328023
YDL036C,0.092516
YDL043C,0.086215
YDL046W,0.611063
YDL054C,0.145021
YDL056W,0.036952
YDL057W,0.087504
YDL060W,0.670094
YDL063C,0.105767
YDL072C,1.88832
YDL077C,0.049265
YDL083C,8.731049
YDL119C,0.017176
YDL123W,0.088417
YDL129W,0.028726
YDL142C,0.072965
YDL154W,0.015435
YDL155W,0.09603
YDL156W,0.018412
YDL161W,0.258223
YDL178W,0.213833
YDL182W,2.816737
YDL189W,0.13361
YDL192W,12.608456
YDL204W,0.010784
YDL212W,1.777376
YDL218W,0.007932
YDL220C,0.023507
YDL222C,0.018939
YDL223C,0.023084
YDL235C,0.334514
YDL236W,0.669112
YDL243C,0.02945
YDR011W,0.399531
YDR012W,23.007415
YDR013W,0.044927
YDR018C,0.008932
YDR020C,0.026915
YDR026C,0.016333
YDR031W,0.181109
YDR040C,0.009765
YDR044W,0.318412
YDR047W,0.431138
YDR064W,4.722341
YDR066C,0.071469
YDR072C,0.604528
YDR074W,0.223411
YDR081C,0.014651
YDR083W,0.437441
YDR084C,0.406912
YDR089W,0.050041
YDR092W,1.335837
YDR103W,0.035334
YDR107C,0.077223
YDR111C,0.038379
YDR123C,0.035768
YDR126W,0.026147
YDR135C,0.109454
YDR139C,1.39579
YDR146C,0.124491
YDR152W,0.471956
YDR153C,0.27997
YDR159W,0.021169
YDR160W,0.014256
YDR162C,0.195269
YDR175C,0.164987
YDR183W,0.078476
YDR184C,0.151036
YDR190C,1.326689
YDR194C,0.262505
YDR197W,0.027983
YDR214W,0.76711
YDR232W,0.433512
YDR233C,5.297758
YDR235W,0.03262
YDR239C,0.117292
YDR244W,0.031807
YDR249C,0.031927
YDR253C,0.022469
YDR254W,0.009456
YDR257C,0.054262
YDR259C,0.061489
YDR261C,0.267209
YDR265W,0.087415
YDR270W,0.054284
YDR277C,0.012167
YDR279W,0.032626
YDR284C,0.393504
YDR294C,0.520822
YDR295C,0.012516
YDR309C,0.327736
YDR318W,0.038383
YDR319C,0.048866
YDR320C,0.043504
YDR321W,1.018069
YDR325W,0.074673
YDR329C,0.182205
YDR331W,0.096574
YDR332W,0.004534
YDR333C,0.082783
YDR338C,0.061892
YDR347W,0.326604
YDR349C,0.163357
YDR352W,0.179309
YDR354W,0.316678
YDR364C,0.055185
YDR367W,0.177794
YDR374C,0.012146
YDR383C,0.037807
YDR384C,0.678165
YDR392W,0.14259
YDR398W,0.712887
YDR405W,0.069917
YDR406W,0.020531
YDR409W,0.021589
YDR415C,0.165296
YDR420W,0.032226
YDR425W,0.019753
YDR434W,0.329709
YDR435C,0.070179
YDR440W,0.017172
YDR443C,0.009628
YDR444W,0.028171
YDR446W,0.023017
YDR449C,0.186917
YDR452W,0.453303
YDR454C,3.057397
YDR458C,0.055557
YDR476C,0.31808
YDR479C,0.081032
YDR480W,0.02944
YDR492W,0.678066
YDR493W,0.227659
YDR494W,0.200964
YDR500C,19.189292
YDR508C,1.125194
YDR517W,0.478228
YDR518W,0.241774
YDR519W,0.780652
YDR522C,0.030378
YDR524C,0.028207
YDR533C,1.0763
YEL002C,1.153065
YEL006W,0.027478
YEL012W,0.152729
YEL019C,0.025182
YEL029C,0.033703
YEL032W,0.258396
YEL042W,0.686586
YEL048C,0.013094
YEL057C,0.103965
YEL064C,0.031484
YEL065W,0.657478
YER006W,0.970347
YER008C,0.118923
YER034W,0.119305
YER035W,1.036713
YER037W,0.133408
YER044CA,0.018726
YER046W,0.158193
YER048C,0.618455
YER050C,0.404749
YER056C,1.657639
YER057C,1.70403
YER058W,0.423622
YER061C,0.087295
YER069W,0.150506
YER075C,0.02022
YER083C,0.774592
YER092W,0.168739
YER096W,0.014611
YER106W,0.017568
YER114C,0.064676
YER118C,0.287146
YER119C,0.092262
YER125W,0.177548
YER130C,0.087702
YER141W,0.918981
YER144C,0.032119
YER150W,0.262821
YER155C,0.088601
YER163C,0.272075
YER169W,0.050226
YER174C,0.340593
YER175C,0.037207
YER187W,0.026306
YFL002C,0.413221
YFL003C,0.01321
YFL007W,0.105998
YFL009W,0.097058
YFL011W,0.010249
YFL020C,0.214143
YFL030W,0.027104
YFL044C,0.164943
YFL049W,0.056205
YFL051C,0.037706
YFL055W,0.046321
YFL058W,0.03289
YFL061W,0.015403
YFL064C,0.032431
YFL067W,0.015267
YFR002W,0.127449
YFR005C,0.069513
YFR006W,0.745902
YFR008W,0.026902
YFR010W,0.555781
YFR012W,0.032176
YFR017C,0.041956
YFR033C,1.904048
YFR038W,0.018833
YFR039C,0.120381
YFR044C,3.333147
YGL013C,0.065413
YGL016W,0.121571
YGL017W,0.06505
YGL020C,0.772061
YGL021W,0.059586
YGL028C,0.213812
YGL029W,0.959411
YGL039W,0.23689
YGL045W,0.02993
YGL048C,1.45215
YGL055W,2.329231
YGL056C,0.158207
YGL083W,0.047485
YGL084C,0.249881
YGL091C,0.359318
YGL096W,0.027443
YGL106W,1.543546
YGL108C,0.096105
YGL111W,0.259665
YGL115W,0.409222
YGL117W,0.103825
YGL120C,0.731271
YGL124C,0.021424
YGL139W,0.14637
YGL148W,3.436601
YGL151W,0.070748
YGL154C,0.063136
YGL160W,0.069273
YGL167C,0.192014
YGL169W,0.041804
YGL176C,0.004882
YGL185C,0.098226
YGL197W,0.012474
YGL205W,0.006229
YGL215W,0.052123
YGL226W,0.152459
YGL228W,0.603568
YGL233W,0.084424
YGL235W,0.029755
YGL252C,0.288189
YGL253W,8.702526
YGL254W,0.02548
YGL258W,0.008544
YGL262W,0.016
YGR001C,0.256319
YGR002C,0.080627
YGR009C,0.225302
YGR017W,0.165166
YGR026W,0.573042
YGR048W,0.131937
YGR054W,0.550998
YGR057C,0.074956
YGR067C,0.048815
YGR070W,0.014417
YGR080W,0.227165
YGR083C,0.265862
YGR084C,0.209833
YGR094W,1.355771
YGR096W,0.030799
YGR100W,0.054128
YGR102C,0.149647
YGR104C,0.088411
YGR111W,0.084256
YGR122W,0.023344
YGR124W,2.633389
YGR127W,0.04434
YGR131W,0.075222
YGR134W,0.016934
YGR145W,0.310856
YGR152C,0.143646
YGR155W,3.717684
YGR157W,0.72114
YGR158C,0.26206
YGR163W,0.075864
YGR166W,0.04361
YGR173W,0.451334
YGR178C,0.567908
YGR183C,0.664221
YGR184C,0.055798
YGR189C,2.219786
YGR193C,0.329102
YGR198W,0.068921
YGR199W,0.354855
YGR211W,0.634391
YGR215W,0.180732
YGR218W,0.124661
YGR220C,0.449328
YGR221C,0.004365
YGR223C,0.074235
YGR248W,0.137783
YGR250C,0.111455
YGR253C,1.129808
YGR254W,10.540976
YGR256W,0.076264
YGR264C,0.922613
YGR276C,0.304104
YGR279C,5.547383
YGR281W,0.177272
YGR286C,0.158819
YGR296W,0.13414
YHL002W,0.086485
YHL010C,0.026598
YHL017W,0.202175
YHL018W,0.007288
YHL033C,8.521984
YHR012W,0.275996
YHR016C,0.118216
YHR017W,0.10582
YHR022C,0.010207
YHR024C,0.321122
YHR033W,0.054366
YHR036W,0.028084
YHR038W,0.122003
YHR039C,0.472379
YHR042W,1.004142
YHR043C,0.10488
YHR045W,0.366277
YHR060W,0.252613
YHR066W,0.181932
YHR080C,0.078842
YHR090C,0.048388
YHR091C,0.067446
YHR094C,1.59127
YHR101C,0.120202
YHR102W,0.056225
YHR104W,0.300269
YHR105W,0.017506
YHR107C,0.547955
YHR110W,0.224382
YHR124W,0.005574
YHR146W,0.5471
YHR148W,0.279729
YHR151C,0.023838
YHR152W,0.487099
YHR168W,0.034962
YHR170W,0.960342
YHR176W,0.056313
YHR181W,0.509461
YHR185C,0.041329
YHR190W,1.684811
YHR197W,0.522971
YHR205W,0.13773
YHR209W,0.039001
YHR218W,0.050263
YIL002C,0.033893
YIL004C,0.250824
YIL010W,0.293149
YIL013C,0.045241
YIL015W,0.436759
YIL020C,0.284203
YIL031W,0.018648
YIL041W,2.492818
YIL042C,0.053299
YIL046W,0.094529
YIL051C,5.309323
YIL053W,13.788983
YIL101C,0.034782
YIL103W,0.27215
YIL112W,0.050878
YIL113W,0.02296
YIL114C,0.210558
YIL124W,0.804154
YIL132C,0.017419
YIL136W,0.082625
YIL137C,0.09016
YIL142W,1.771144
YIL143C,0.160668
YIL144W,0.023344
YIL156W,0.033775
YIL158W,0.930512
YIL159W,0.009541
YIL176C,0.205515
YIR004W,0.312106
YIR007W,0.066407
YIR008C,0.226402
YIR014W,0.038726
YIR023W,0.037105
YJL003W,0.106449
YJL013C,0.028679
YJL019W,0.022546
YJL020C,0.067409
YJL025W,0.023343
YJL033W,0.146016
YJL035C,0.110315
YJL051W,0.015344
YJL056C,0.008419
YJL065C,0.415785
YJL070C,0.020076
YJL085W,0.010149
YJL089W,0.008179
YJL094C,0.01752
YJL097W,0.999154
YJL100W,0.046092
YJL105W,0.004449
YJL109C,0.196672
YJL111W,0.611513
YJL122W,0.766277
YJL123C,0.703585
YJL141C,0.037627
YJL159W,4.525564
YJL165C,0.040449
YJL170C,0.100203
YJL172W,0.387162
YJL179W,0.181154
YJL191W,2.387999
YJL192C,0.414274
YJL201W,0.016759
YJL213W,0.130556
YJL218W,0.128373
YJL222W,0.025395
YJR009C,45.512733
YJR025C,1.2132
YJR030C,0.040372
YJR040W,0.13383
YJR041C,0.077465
YJR048W,1.31418
YJR064W,1.887081
YJR074W,0.336535
YJR075W,0.438144
YJR077C,3.156254
YJR078W,0.060641
YJR079W,0.013882
YJR084W,0.208144
YJR110W,0.010572
YJR115W,0.056209
YJR135C,0.005816
YJR140C,0.024606
YJR148W,1.755522
YJR158W,0.003476
YJR160C,0.010052
YJR161C,0.338395
YKL003C,0.628119
YKL007W,0.426038
YKL017C,0.036647
YKL018W,0.107881
YKL025C,0.07242
YKL027W,0.200898
YKL028W,0.596138
YKL041W,0.181135
YKL045W,0.20467
YKL047W,0.019687
YKL057C,0.057749
YKL068W,0.174656
YKL071W,0.008395
YKL093W,0.008525
YKL094W,0.935856
YKL095W,0.017082
YKL100C,0.235599
YKL104C,0.564506
YKL109W,0.049118
YKL120W,1.740275
YKL127W,0.977001
YKL133C,0.03801
YKL141W,0.474875
YKL143W,0.042663
YKL152C,17.852449
YKL155C,0.021143
YKL157W,0.959676
YKL159C,0.169522
YKL163W,0.832855
YKL165C,0.394656
YKL168C,0.0313
YKL172W,1.204685
YKL173W,0.123475
YKL181W,1.952615
YKL183W,0.184094
YKL185W,0.14863
YKL188C,0.005893
YKL189W,0.07164
YKL203C,0.016472
YKL204W,0.270411
YKL205W,0.111637
YKL207W,0.476963
YKL208W,0.109119
YKL211C,0.985985
YKL212W,0.350739
YKL221W,0.016701
YKR002W,0.360208
YKR006C,0.543703
YKR009C,0.00712
YKR015C,0.004711
YKR016W,0.19694
YKR018C,0.614985
YKR028W,0.141928
YKR034W,0.01525
YKR038C,0.325017
YKR050W,0.004558
YKR055W,0.073974
YKR058W,0.021038
YKR066C,1.136947
YKR083C,0.103903
YKR090W,0.027617
YLL002W,0.079887
YLL009C,0.864589
YLL018C,2.34169
YLL023C,1.142777
YLL025W,1.860102
YLL027W,0.414672
YLL032C,0.0205
YLL039C,1.048498
YLL040C,0.039985
YLL046C,0.030272
YLL049W,0.144508
YLL050C,6.621613
YLL051C,0.065147
YLL061W,0.079763
YLR004C,0.01054
YLR007W,0.06435
YLR009W,0.958506
YLR010C,0.039847
YLR011W,0.108209
YLR017W,1.227519
YLR020C,0.101376
YLR024C,0.007424
YLR034C,0.879368
YLR035C,0.011583
YLR037C,0.567596
YLR039C,0.048672
YLR048W,6.04835
YLR051C,0.326787
YLR055C,0.118206
YLR057W,0.042008
YLR065C,1.952544
YLR069C,0.285355
YLR073C,0.074406
YLR082C,0.081747
YLR087C,0.009601
YLR088W,0.372586
YLR091W,0.035129
YLR104W,0.435676
YLR107W,0.058951
YLR133W,0.161476
YLR136C,0.019765
YLR138W,0.159206
YLR149C,0.017224
YLR151C,0.067813
YLR153C,1.870244
YLR154C,1.740302
YLR159W,0.178011
YLR162W,0.004094
YLR176C,0.00848
YLR177W,0.068541
YLR189C,0.074316
YLR194C,0.754756
YLR199C,0.325157
YLR200W,0.287469
YLR204W,0.656251
YLR205C,0.517778
YLR209C,0.304394
YLR210W,0.049582
YLR214W,0.504885
YLR220W,0.234983
YLR223C,0.084102
YLR234W,0.00773
YLR239C,0.07468
YLR241W,0.170406
YLR256W,0.105383
YLR257W,0.52277
YLR262C,0.262598
YLR265C,0.026163
YLR267W,0.004399
YLR268W,0.284183
YLR275W,0.340654
YLR285W,0.848587
YLR287CA,12.945238
YLR290C,0.113586
YLR291C,0.538596
YLR295C,1.27795
YLR300W,8.758683
YLR301W,0.564059
YLR304C,1.178023
YLR312C,0.015052
YLR315W,0.010259
YLR324W,0.075472
YLR330W,0.387643
YLR333C,5.649928
YLR351C,0.598022
YLR352W,0.022875
YLR360W,0.020998
YLR367W,2.230183
YLR372W,3.826534
YLR376C,0.037419
YLR382C,0.023605
YLR388W,36.471063
YLR389C,0.139423
YLR390W,0.486409
YLR398C,0.185353
YLR408C,0.095169
YLR409C,0.165091
YLR412W,0.207218
YLR418C,0.253845
YLR426W,0.04691
YLR429W,0.538313
YLR432W,1.446263
YLR436C,0.021152
YLR437C,0.359529
YLR441C,6.966986
YLR446W,0.003552
YLR451W,0.027442
YLR459W,0.398477
YLR466W,0.135069
YLR467W,0.032307
YML002W,0.006176
YML004C,0.861407
YML009C,1.83665
YML011C,0.14371
YML013W,0.058397
YML019W,0.178096
YML021C,0.125992
YML045W,0.483485
YML051W,0.063748
YML067C,1.404266
YML070W,0.721182
YML073C,3.956407
YML075C,0.405233
YML076C,0.039572
YML077W,0.428805
YML085C,1.331271
YML096W,0.028474
YML098W,0.197465
YML101C,0.365344
YML107C,0.048765
YML116W,0.19168
YML121W,0.168842
YML126C,3.894186
YML128C,0.0434
YML130C,0.751944
YML132W,0.410172
YMR002W,1.081697
YMR006C,0.401609
YMR017W,0.017709
YMR018W,0.01685
YMR022W,0.198943
YMR025W,0.008945
YMR029C,0.042269
YMR031C,0.116994
YMR032W,0.161745
YMR042W,0.051878
YMR045C,0.30443
YMR053C,0.025641
YMR054W,0.322902
YMR060C,0.069973
YMR065W,0.029575
YMR067C,0.034491
YMR068W,0.011218
YMR069W,0.017526
YMR070W,0.042627
YMR071C,0.611885
YMR074C,1.30905
YMR076C,0.087674
YMR087W,0.113981
YMR090W,0.153651
YMR091C,0.351663
YMR094W,0.013786
YMR097C,0.036056
YMR108W,1.215408
YMR109W,0.128567
YMR115W,0.057365
YMR121C,0.596364
YMR130W,0.08915
YMR132C,0.04705
YMR133W,0.041761
YMR147W,0.02975
YMR152W,0.25292
YMR159C,0.022737
YMR165C,0.046035
YMR168C,0.008116
YMR169C,0.00753
YMR171C,0.056733
YMR176W,0.007271
YMR180C,0.028072
YMR198W,0.049212
YMR207C,0.036242
YMR215W,1.529859
YMR218C,0.056004
YMR234W,0.026068
YMR235C,0.433597
YMR240C,0.097836
YMR246W,1.198219
YMR250W,0.062621
YMR255W,0.252614
YMR266W,0.369288
YMR268C,0.05758
YMR274C,0.171841
YMR278W,0.167921
YMR284W,0.039723
YMR290C,0.608956
YMR302C,0.169268
YMR316W,0.098677
YMR321C,2.023164
YMR322C,0.066735
YMR325W,0.034084
YNL003C,0.301444
YNL007C,3.103443
YNL009W,0.028896
YNL010W,0.828869
YNL012W,0.002317
YNL023C,0.159883
YNL029C,0.06289
YNL034W,0.014659
YNL035C,0.081366
YNL038W,0.066119
YNL048W,0.365175
YNL051W,0.053004
YNL052W,1.024145
YNL054W,0.029554
YNL055C,8.289835
YNL059C,0.111072
YNL064C,3.551483
YNL072W,0.152064
YNL073W,0.039814
YNL075W,0.829973
YNL078W,0.160429
YNL080C,0.067256
YNL087W,0.296833
YNL095C,0.018052
YNL096C,3.403514
YNL106C,0.01497
YNL107W,0.175523
YNL115C,0.1001
YNL121C,0.486704
YNL125C,0.073891
YNL126W,0.014036
YNL127W,0.018394
YNL131W,0.726925
YNL132W,0.274575
YNL135C,6.965215
YNL136W,0.063034
YNL141W,0.617566
YNL145W,6.983683
YNL152W,0.031122
YNL159C,0.054263
YNL161W,0.072638
YNL166C,0.212252
YNL175C,0.980261
YNL176C,0.051448
YNL178W,42.068852
YNL183C,0.053756
YNL185C,0.09847
YNL186W,0.261922
YNL190W,4.794872
YNL196C,0.00005
YNL197C,0.028511
YNL199C,0.066917
YNL201C,0.015636
YNL210W,0.010167
YNL220W,0.999524
YNL221C,0.120755
YNL222W,0.159007
YNL232W,0.889539
YNL237W,0.023969
YNL238W,0.222333
YNL242W,0.036138
YNL244C,2.773388
YNL250W,0.011005
YNL253W,0.06968
YNL255C,1.471139
YNL260C,0.024669
YNL261W,0.058091
YNL267W,0.018622
YNL279W,0.008509
YNL280C,0.813034
YNL288W,0.267513
YNL301C,3.698588
YNL311C,0.026717
YNL313C,0.398801
YNL321W,0.113985
YNL328C,0.008883
YNL331C,0.022953
YNL336W,0.399807
YNL339C,0.047595
YNR002C,0.03087
YNR006W,0.128511
YNR007C,0.035082
YNR009W,0.146269
YNR013C,0.332063
YNR016C,0.435868
YNR017W,0.812335
YNR018W,1.557793
YNR020C,0.222787
YNR035C,0.919459
YNR037C,0.538745
YNR040W,0.233466
YNR041C,0.251803
YNR043W,1.37306
YNR048W,0.044343
YNR062C,0.00366
YNR064C,0.019673
YNR065C,0.109156
YNR074C,0.124384
YOL004W,0.183889
YOL007C,0.251283
YOL014W,0.475141
YOL017W,0.038795
YOL024W,0.03258
YOL025W,0.014528
YOL027C,0.386639
YOL038W,1.615352
YOL040C,18.853387
YOL044W,0.105987
YOL053W,0.059107
YOL056W,0.205509
YOL057W,0.190724
YOL065C,0.080323
YOL066C,0.062053
YOL068C,0.087887
YOL070C,0.139579
YOL080C,0.169259
YOL088C,0.373907
YOL093W,0.156085
YOL120C,15.267444
YOL123W,0.889061
YOL124C,0.672588
YOL127W,12.904202
YOL131W,0.057757
YOL133W,0.365283
YOL135C,0.155271
YOL146W,0.239998
YOL147C,0.85316
YOL152W,0.014313
YOL159C,0.131973
YOL163W,0.051789
YOR002W,0.318285
YOR012W,0.090611
YOR021C,1.353129
YOR022C,0.037689
YOR032C,0.003477
YOR042W,0.409423
YOR052C,0.183349
YOR057W,0.107686
YOR059C,0.12737
YOR063W,22.862378
YOR064C,0.058595
YOR074C,0.093681
YOR076C,0.024187
YOR077W,0.092033
YOR079C,0.225404
YOR084W,0.110428
YOR098C,0.060738
YOR112W,0.058694
YOR115C,0.32744
YOR118W,0.07943
YOR120W,0.013045
YOR126C,0.174725
YOR128C,0.322558
YOR134W,0.032391
YOR136W,1.896319
YOR137C,0.005479
YOR144C,0.044211
YOR145C,0.766919
YOR156C,0.006981
YOR158W,0.109918
YOR168W,0.964295
YOR174W,0.179786
YOR178C,0.003553
YOR180C,0.019316
YOR193W,0.01509
YOR194C,0.492396
YOR195W,0.016613
YOR201C,0.07256
YOR202W,0.374688
YOR204W,0.861902
YOR205C,0.027801
YOR213C,0.07794
YOR219C,0.030461
YOR223W,0.076784
YOR224C,1.518293
YOR227W,0.030575
YOR228C,0.13001
YOR234C,6.312052
YOR236W,0.171852
YOR238W,0.135847
YOR247W,3.342282
YOR260W,1.044102
YOR267C,0.381783
YOR272W,0.582425
YOR273C,0.08507
YOR279C,0.063774
YOR283W,0.465568
YOR287C,0.045644
YOR289W,0.119993
YOR291W,0.155179
YOR294W,0.371291
YOR298W,0.00804
YOR305W,0.120576
YOR319W,0.082157
YOR323C,1.341095
YOR328W,0.022377
YOR330C,0.02102
YOR335C,1.88873
YOR347C,0.114426
YOR354C,0.079271
YOR359W,0.125985
YOR362C,1.781998
YOR363C,0.030884
YOR368W,0.01938
YOR373W,0.042515
YOR377W,0.057492
YOR382W,1.071756
YOR384W,0.001099
YOR391C,0.05022
YPL008W,0.030163
YPL014W,0.016708
YPL024W,0.138133
YPL026C,0.059137
YPL027W,0.041853
YPL041C,0.03198
YPL043W,0.603385
YPL049C,0.181813
YPL053C,0.912743
YPL058C,0.09986
YPL061W,4.434407
YPL066W,0.008179
YPL075W,0.016375
YPL082C,0.034529
YPL089C,0.108481
YPL099C,0.108205
YPL126W,0.175371
YPL127C,0.54005
YPL146C,0.229523
YPL155C,0.013421
YPL159C,0.09348
YPL163C,1.630174
YPL167C,0.032756
YPL168W,0.079448
YPL169C,0.55369
YPL171C,0.057097
YPL173W,0.333088
YPL177C,0.206959
YPL178W,0.614371
YPL186C,0.035149
YPL193W,0.042806
YPL195W,0.156421
YPL209C,0.021396
YPL210C,0.29014
YPL226W,0.711788
YPL228W,0.133902
YPL232W,0.443169
YPL239W,0.723257
YPL247C,0.060576
YPL250C,0.23167
YPL252C,0.961472
YPL258C,0.009971
YPL264C,0.048895
YPL269W,0.002463
YPL270W,0.062959
YPL277C,0.011838
YPL278C,0.05699
YPL280W,0.016357
YPL282C,0.069959
YPR006C,0.055536
YPR008W,0.07914
YPR009W,0.053057
YPR010C,1.178896
YPR016C,1.378601
YPR026W,0.014348
YPR030W,0.007188
YPR036W,2.295958
YPR037C,0.715458
YPR049C,0.0127
YPR051W,0.383334
YPR080W,54.723068
YPR085C,0.011569
YPR095C,0.008254
YPR097W,0.106392
YPR101W,0.099305
YPR103W,2.658746
YPR107C,0.053768
YPR109W,0.082636
YPR111W,0.0189
YPR112C,0.17349
YPR124W,0.596941
YPR139C,0.288843
YPR141C,0.026645
YPR161C,0.160778
YPR168W,0.006145
YPR171W,0.01265
YPR172W,0.095492
YPR173C,0.292717
YPR174C,0.037884
YPR185W,0.024114
YPR187W,1.055687
YPR190C,0.126421
YPR194C,0.021259
YPR196W,0.005535
YPR200C,0.058073
YPR203W,0.028984
